row_idx,time_s,Shoulder_world_roll_deg,Shoulder_world_pitch_deg,Shoulder_world_yaw_deg,Elbow_world_roll_deg,Elbow_world_pitch_deg,Elbow_world_yaw_deg,Wrist_world_roll_deg,Wrist_world_pitch_deg,Wrist_world_yaw_deg,Shoulder_world_from_intrinsic_roll_deg,Shoulder_world_from_intrinsic_pitch_deg,Shoulder_world_from_intrinsic_yaw_deg,Elbow_world_from_intrinsic_roll_deg,Elbow_world_from_intrinsic_pitch_deg,Elbow_world_from_intrinsic_yaw_deg,Wrist_world_from_intrinsic_roll_deg,Wrist_world_from_intrinsic_pitch_deg,Wrist_world_from_intrinsic_yaw_deg
0,0.008482,-5.3266,-7.1841,84.2635,-7.7820,-8.7330,86.2316,-14.2497,-16.8047,92.9565,-5.2228,1.9309,84.0777,-1.7146,-8.0625,86.0795,-3.7445,7.6597,92.3259
1,0.096948,-5.3625,-7.1800,84.2790,-7.7981,-8.7307,86.2613,-14.2208,-16.7917,93.0251,-5.2171,1.9656,84.0908,-1.7291,-8.0625,86.1097,-3.7814,7.6367,92.3918
2,0.185549,-5.3859,-7.1803,84.3534,-7.7330,-8.7311,86.2545,-14.2861,-16.7888,93.0529,-5.2174,1.9850,84.1633,-1.6643,-8.0577,86.1001,-3.7246,7.6564,92.4205
3,0.283918,-5.4128,-7.1813,84.3213,-7.7586,-8.7443,86.1753,-14.2706,-16.7909,93.1036,-5.2163,2.0135,84.1292,-1.6938,-8.0700,86.0221,-3.7504,7.6523,92.4679
4,0.338141,-5.4004,-7.1800,84.2916,-7.7695,-8.7345,86.1862,-14.2715,-16.7864,93.0829,-5.2152,2.0026,84.1006,-1.7048,-8.0616,86.0339,-3.7437,7.6487,92.4489
5,0.415026,-5.3631,-7.1852,84.1984,-7.7718,-8.7391,86.1436,-14.2680,-16.7899,93.0732,-5.2209,1.9706,84.0100,-1.7094,-8.0648,85.9916,-3.7462,7.6509,92.4391
6,0.478552,-5.3751,-7.1782,84.1874,-7.7062,-8.7433,86.1184,-14.3949,-16.7905,93.0581,-5.2130,1.9827,83.9985,-1.6447,-8.0630,85.9635,-3.6239,7.6960,92.4285
7,0.544660,-5.3751,-7.1782,84.1874,-7.7062,-8.7433,86.1184,-14.3949,-16.7905,93.0581,-5.2130,1.9827,83.9985,-1.6447,-8.0630,85.9635,-3.6239,7.6960,92.4285
8,0.615316,-5.4520,-7.1757,84.2649,-7.8000,-8.7322,86.2699,-14.2903,-16.7777,93.1523,-5.2076,2.0551,84.0705,-1.7304,-8.0645,86.1182,-3.7373,7.6463,92.5163
9,0.667311,-5.3342,-7.1807,84.2491,-7.7580,-8.7346,86.2772,-14.3058,-16.7831,93.1599,-5.2188,1.9389,84.0629,-1.6878,-8.0638,86.1235,-3.7263,7.6566,92.5235
10,0.773124,-5.2997,-7.1832,84.1987,-7.7486,-8.7278,86.2823,-14.3781,-16.7734,93.1568,-5.2223,1.9073,84.0149,-1.6785,-8.0565,86.1283,-3.6541,7.6731,92.5237
11,0.869710,-5.4607,-7.1740,84.1745,-7.7672,-8.7323,86.2622,-14.3739,-16.7741,93.1308,-5.2039,2.0683,83.9798,-1.6980,-8.0618,86.1092,-3.6529,7.6724,92.4988
12,0.949360,-5.3811,-7.1713,84.1790,-7.8226,-8.7225,86.3478,-14.2316,-16.7685,93.1426,-5.2056,1.9887,83.9900,-1.7491,-8.0594,86.1967,-3.7871,7.6173,92.5063
13,1.043314,-5.3506,-7.1771,84.1498,-7.6895,-8.7235,86.3242,-14.3476,-16.7693,93.1284,-5.2126,1.9602,83.9628,-1.6171,-8.0491,86.1673,-3.6753,7.6588,92.4963
14,1.123992,-5.3894,-7.1702,84.2078,-7.7892,-8.7246,86.3374,-14.3570,-16.7639,93.0808,-5.2047,1.9955,84.0182,-1.7162,-8.0585,86.1850,-3.6548,7.6577,92.4519
15,1.204385,-5.4418,-7.1663,84.2534,-7.7727,-8.7173,86.4202,-14.2955,-16.7537,93.1542,-5.1986,2.0451,84.0602,-1.6951,-8.0528,86.2664,-3.7241,7.6257,92.5210
16,1.267379,-5.3675,-7.1665,84.2771,-7.7534,-8.7237,86.4421,-14.4338,-16.7549,93.2001,-5.2032,1.9699,84.0891,-1.6738,-8.0584,86.2867,-3.6039,7.6747,92.5686
17,1.347664,-5.4520,-7.1669,84.2834,-7.7702,-8.7147,86.5023,-14.3553,-16.7437,93.2471,-5.1992,2.0537,84.0893,-1.6877,-8.0529,86.3476,-3.6835,7.6362,92.6122
18,1.411277,-5.3757,-7.1634,84.2366,-7.7792,-8.7200,86.4379,-14.3968,-16.7442,93.2616,-5.1991,1.9799,84.0483,-1.7003,-8.0567,86.2840,-3.6477,7.6511,92.6273
19,1.479236,-5.4202,-7.1602,84.2468,-7.7681,-8.7247,86.4333,-14.3871,-16.7461,93.2502,-5.1936,2.0236,84.0555,-1.6890,-8.0602,86.2787,-3.6551,7.6496,92.6160
20,1.521361,-5.4085,-7.1641,84.2425,-7.7617,-8.7296,86.4202,-14.4257,-16.7465,93.2286,-5.1981,2.0124,84.0518,-1.6831,-8.0642,86.2653,-3.6145,7.6638,92.5965
21,1.602466,-5.4285,-7.1692,84.2539,-7.7546,-8.7355,86.3712,-14.3458,-16.7562,93.1508,-5.2023,2.0320,84.0615,-1.6784,-8.0678,86.2161,-3.6770,7.6457,92.5190
22,1.666198,-4.5435,-7.1001,84.3289,-8.7202,-8.1384,90.0001,-15.9756,-16.7860,93.0717,-5.1834,1.1431,84.2021,-2.4770,-7.6817,89.8828,-2.1374,8.2442,92.4975
23,1.762031,-3.7648,-7.1581,83.7653,-5.5330,-8.7176,86.5719,-16.6896,-16.8061,92.8292,-5.2758,0.3996,83.6937,0.5587,-7.8822,86.3165,-1.4216,8.5149,92.2950
24,1.839307,-3.8390,-7.0847,83.9639,-6.6918,-8.7027,86.8259,-17.1715,-16.7942,92.8397,-5.2016,0.4593,83.8882,-0.5881,-7.9679,86.6192,-0.9651,8.6716,92.3283
25,1.920037,-3.0262,-7.1432,83.6761,-9.2751,-11.0783,92.0893,-16.4477,-16.7913,92.8921,-5.3018,-0.3321,83.6586,-2.6657,-10.7343,91.8038,-1.6574,8.4161,92.3458
26,1.986489,-3.9840,-7.1340,84.0131,-12.8940,-11.3480,94.5410,-14.9959,-16.7403,93.0467,-5.2436,0.6039,83.9259,-6.1418,-11.3790,94.3877,-3.0383,7.8596,92.4427
27,2.067329,-4.9988,-7.1191,84.2192,-13.9269,-12.8610,97.4783,-14.1272,-16.7544,93.1751,-5.1753,1.6030,84.0596,-6.8918,-13.0920,97.2372,-3.8869,7.5673,92.5358
28,2.130791,-7.3822,-7.1998,84.2117,-14.1755,-17.8665,99.6448,-12.8857,-16.6384,93.6263,-5.1273,3.9814,83.8794,-6.5750,-18.1915,99.0027,-5.1049,7.0191,92.9470
29,2.193554,-5.6298,-7.1378,84.3943,-16.4059,-27.2580,102.7745,-15.0197,-16.7740,93.1805,-5.1623,2.2236,84.1889,-7.6816,-27.8401,101.2950,-3.0557,7.8976,92.5669
30,2.258545,-5.3593,-7.2559,83.6300,-17.6313,-30.2503,106.1688,-14.5704,-16.7497,93.3192,-5.2821,1.9996,83.4396,-8.3802,-31.0713,104.3150,-3.4982,7.7163,92.6867
31,2.306015,-5.8052,-7.1896,84.0139,-19.1957,-35.9112,108.6877,-14.2519,-16.7423,93.3446,-5.1980,2.4204,83.7941,-9.0521,-36.9284,106.0749,-3.8005,7.5976,92.7021
32,2.355327,-5.4754,-7.1606,84.2855,-17.7005,-51.6200,105.9944,-14.2054,-16.7392,93.3340,-5.1916,2.0767,84.0901,-4.3126,-52.1841,100.1167,-3.8409,7.5785,92.6910
33,2.402550,-5.4759,-7.1525,84.3366,-25.6177,-62.2062,114.7317,-14.2878,-16.7226,93.4149,-5.1844,2.0741,84.1415,-7.7438,-63.5339,104.6279,-3.7741,7.5910,92.7721
34,2.450564,-5.5764,-7.1415,84.4299,-29.7926,-69.1322,119.6517,-14.4150,-16.7103,93.4559,-5.1694,2.1688,84.2281,-6.5439,-70.7016,104.2345,-3.6586,7.6235,92.8163
35,2.524444,-5.4965,-7.1467,84.4807,-75.8779,-80.7380,166.5637,-14.3722,-16.6917,93.5731,-5.1799,2.0869,84.2841,-26.0442,-86.3787,124.7964,-3.7163,7.5900,92.9286
36,2.604852,-5.5142,-7.1519,84.5281,-95.4206,-79.8469,-174.5234,-14.3943,-16.6807,93.6779,-5.1850,2.1024,84.3299,-87.2220,-87.0664,-174.5405,-3.7134,7.5864,93.0303
37,2.684312,-4.9232,-7.1107,84.7190,-109.1613,-77.1771,-159.9773,-15.0300,-16.6896,93.7379,-5.1797,1.5019,84.5642,-120.6040,-84.0921,-140.2018,-3.1311,7.8165,93.1065
38,2.788356,-2.6251,-7.0737,84.5935,-87.5018,-80.6624,177.3638,-16.7384,-16.6930,93.6915,-5.2714,-0.7822,84.6043,-54.8816,-87.4522,152.8631,-1.5139,8.4166,93.1280
39,2.885267,-2.2651,-7.0515,84.6162,-85.6441,-81.6719,174.9904,-17.0768,-16.7123,93.6530,-5.2707,-1.1431,84.6529,-33.0772,-88.0266,130.4916,-1.1937,8.5530,93.1042
40,2.949407,-1.9030,-7.0539,84.4761,-86.7313,-81.4308,175.7443,-17.6369,-16.7166,93.5901,-5.2921,-1.4964,84.5393,-41.3028,-87.9496,138.3993,-0.6538,8.7526,93.0705
41,3.027273,-1.9419,-7.0719,84.2971,-90.0668,-81.8844,177.3768,-18.1487,-16.7273,93.5319,-5.3046,-1.4475,84.3578,-43.4176,-88.4937,138.8040,-0.1624,8.9411,93.0399
42,3.106289,-0.3674,-7.0841,83.6960,-99.9198,-78.7077,-175.5259,-18.3266,-16.7239,93.4028,-5.4014,-2.9837,83.8739,-97.0752,-85.6666,-170.0985,0.0337,9.0011,92.9275
43,3.202247,-0.0720,-7.0727,83.5567,-106.0781,-78.4178,-169.7694,-18.5813,-16.7062,93.4408,-5.4057,-3.2713,83.7562,-111.9315,-85.2512,-155.6142,0.2727,9.0727,92.9792
44,3.280220,-0.0208,-7.0489,83.6853,-108.4504,-79.8587,-167.0844,-18.9268,-16.6654,93.6099,-5.3873,-3.3303,83.8875,-123.1538,-86.5576,-144.1547,0.5787,9.1526,93.1634
45,3.350650,0.4050,-7.0422,83.6155,-109.2846,-79.9145,-166.2383,-19.2576,-16.6261,93.7450,-5.4058,-3.7511,83.8493,-125.7883,-86.5626,-141.5106,0.8775,9.2293,93.3149
46,3.425846,0.2907,-7.0198,83.9258,-107.3763,-78.7975,-167.9921,-18.9398,-16.6222,93.8857,-5.3815,-3.6546,84.1498,-116.3757,-85.5916,-150.7118,0.5491,9.1143,93.4302
47,3.488378,-0.5539,-7.0425,84.3041,-105.2021,-76.9165,-170.8438,-17.8261,-16.6065,94.0066,-5.3589,-2.8315,84.4661,-107.7190,-83.7821,-159.9458,-0.5222,8.7118,93.4875
48,3.582697,-1.6098,-7.0337,84.7186,-104.5786,-77.5645,-170.4453,-17.2441,-16.5622,94.2210,-5.2936,-1.8018,84.8027,-107.6573,-84.4823,-159.0263,-1.1000,8.4661,93.6682
49,3.694951,-3.6924,-6.9930,85.4672,-105.1882,-81.7516,-166.1289,-16.1886,-16.5262,94.4921,-5.1449,0.2317,85.4014,-140.2840,-88.5415,-122.9250,-2.1381,8.0625,93.8844
50,3.792313,-5.2976,-7.0634,85.2825,-108.7202,-82.8671,-163.6423,-15.0354,-16.4848,94.7332,-5.1217,1.8437,85.1024,170.8111,-88.7091,-75.1168,-3.2585,7.6193,94.0767
51,3.869386,-5.2860,-7.0783,85.2150,-108.2938,-82.7025,-164.0717,-14.8831,-16.4870,94.7247,-5.1361,1.8362,85.0350,178.5002,-88.7342,-82.8008,-3.4009,7.5681,94.0632
52,3.966173,-5.3869,-7.0761,85.1770,-107.8752,-82.6080,-164.3832,-14.8719,-16.4801,94.7165,-5.1276,1.9385,84.9902,-176.9565,-88.7560,-87.2326,-3.4072,7.5577,94.0561
53,4.079710,-5.3662,-7.0738,85.1775,-108.0406,-82.6246,-164.2867,-14.9096,-16.4808,94.7129,-5.1264,1.9178,84.9923,-177.7981,-88.7435,-86.4604,-3.3713,7.5717,94.0537
54,4.157290,-5.3726,-7.0740,85.1781,-107.9539,-82.5973,-164.3534,-14.9359,-16.4731,94.7413,-5.1262,1.9241,84.9924,-176.5071,-88.7451,-87.7302,-3.3496,7.5735,94.0824
55,4.234616,-5.3685,-7.0743,85.1822,-107.9453,-82.5936,-164.3546,-14.9102,-16.4714,94.7590,-5.1269,1.9199,84.9967,-176.3499,-88.7448,-87.8798,-3.3769,7.5628,94.0986
56,4.335630,-5.3658,-7.0756,85.1967,-108.4594,-82.7569,-163.8732,-15.0412,-16.4686,94.7749,-5.1286,1.9166,85.0113,175.8294,-88.7236,-80.0999,-3.2560,7.6059,94.1183
57,4.410209,-5.1199,-7.0750,85.1477,-107.7637,-82.4319,-164.6534,-15.1032,-16.4659,94.7541,-5.1407,1.6740,84.9797,-168.8769,-88.7109,-95.4615,-3.1924,7.6253,94.1008
58,4.488696,-4.8246,-7.0578,85.1721,-106.4980,-81.7050,-166.1004,-15.3640,-16.4620,94.7661,-5.1404,1.3778,85.0254,-141.3851,-88.3888,-123.0973,-2.9481,7.7126,94.1216
59,4.553192,-4.4633,-7.0491,85.1377,-105.8180,-81.4868,-166.6374,-15.7695,-16.4657,94.7578,-5.1513,1.0193,85.0169,-134.6117,-88.2686,-129.7174,-2.5660,7.8579,94.1278
60,4.633575,-4.4161,-7.0450,85.1307,-105.5333,-81.5089,-166.6690,-15.6502,-16.4523,94.8304,-5.1497,0.9725,85.0133,-134.4032,-88.3116,-129.6752,-2.6886,7.8032,94.1939
61,4.697602,-4.2859,-7.0428,85.1383,-104.2836,-81.2565,-168.3419,-15.9173,-16.4523,94.8348,-5.1550,0.8423,85.0302,-124.1953,-88.1699,-140.2932,-2.4380,7.8966,94.2080
62,4.789771,-4.0605,-7.0431,85.0510,-101.0437,-81.8535,-172.9479,-15.9904,-16.4333,94.9210,-5.1664,0.6222,84.9588,-110.5062,-88.8498,-155.3793,-2.3803,7.9038,94.2950
63,4.869656,-5.1486,-7.0752,84.9027,-69.7014,-81.1764,152.9113,-15.2569,-16.4210,95.0144,-5.1350,1.7151,84.7332,-16.0851,-85.4854,107.3200,-3.0856,7.6355,94.3589
64,4.950273,-7.7041,-7.2575,84.7531,-38.2002,-64.2977,116.9149,-14.2095,-16.2942,95.6445,-5.1774,4.2773,84.3916,-20.4587,-66.5021,107.1659,-4.1552,7.1480,94.9417
65,5.027979,-8.2771,-7.0952,85.7897,-39.8001,-53.7496,117.7443,-13.2054,-16.2751,95.7645,-5.0036,4.7872,85.4008,-26.7167,-56.3283,112.8361,-5.1163,6.7780,95.0339
66,5.091157,-8.7107,-7.0610,86.1272,-32.1002,-46.6111,110.9124,-13.4643,-16.2839,95.9269,-4.9532,5.2003,85.7115,-20.5800,-48.4772,107.3450,-4.9101,6.8765,95.1936
67,5.142332,-5.1429,-6.9438,86.0689,-26.4110,-38.5619,106.3624,-14.7679,-16.3992,95.2934,-5.0252,1.6433,85.9034,-16.3027,-39.9201,103.9793,-3.5953,7.4427,94.6111
68,5.181693,-5.5908,-7.1518,84.9090,-24.1000,-35.0615,104.6030,-15.2598,-16.4190,95.3304,-5.1874,2.1593,84.7046,-14.5140,-36.2096,102.6240,-3.1476,7.6331,94.6598
69,5.230803,-5.5185,-7.0570,85.3321,-17.0688,-22.3138,96.1866,-14.5634,-16.3928,95.3860,-5.1041,2.0608,85.1368,-9.2765,-22.6653,95.4115,-3.8046,7.3648,94.6939
70,5.297383,-5.5812,-7.0508,85.4320,-15.1226,-13.1843,96.4486,-14.7655,-16.3576,95.4959,-5.0962,2.1178,85.2325,-8.1268,-13.4540,96.2663,-3.6247,7.4023,94.8087
71,5.345114,-5.6874,-7.0662,85.3718,-13.7442,-9.5988,88.4563,-15.0224,-16.3616,95.4577,-5.1047,2.2274,85.1642,-7.4929,-9.4544,88.5314,-3.3766,7.4960,94.7800
72,5.387125,-5.5350,-7.0574,85.3760,-13.4271,-8.3716,87.4924,-14.8181,-16.3339,95.5418,-5.1044,2.0750,85.1795,-7.3287,-8.1731,87.6272,-3.5762,7.3984,94.8568
73,5.434048,-5.7118,-7.0329,85.5224,-12.8675,-6.9414,86.5729,-14.9493,-16.3531,95.4975,-5.0728,2.2423,85.3145,-6.9334,-6.6743,86.7595,-3.4504,7.4625,94.8165
74,5.482681,-3.9888,-7.0694,85.0280,-9.4663,-5.4360,85.1306,-16.9919,-16.4162,95.1032,-5.1963,0.5534,84.9403,-3.7331,-4.8705,85.2276,-1.4684,8.2363,94.5111
75,5.530313,-3.2736,-7.0614,84.8375,-8.8480,-5.2922,85.0583,-17.7798,-16.4159,94.9622,-5.2258,-0.1495,84.8013,-3.1305,-4.6774,85.1324,-0.6960,8.5112,94.4138
76,5.592046,-2.2620,-7.0688,84.5874,-8.0721,-5.5123,85.6191,-18.7867,-16.4109,94.7122,-5.2877,-1.1437,84.6245,-2.3029,-4.8561,85.6425,0.3082,8.8578,94.2297
77,5.639317,-1.8073,-7.0658,84.4569,-7.8214,-5.5540,85.3733,-19.1896,-16.3931,94.5739,-5.3093,-1.5900,84.5272,-2.0641,-4.8698,85.3849,0.7240,8.9819,94.1236
78,5.684195,-1.1280,-7.0876,84.1510,-8.1121,-5.9954,83.9671,-19.5433,-16.3722,94.1093,-5.3664,-2.2495,84.2721,-2.4067,-5.2852,83.9836,1.1627,9.0882,93.7075
79,5.730042,-0.7337,-7.0692,84.0280,-8.1525,-5.9496,83.8449,-20.0571,-16.3712,93.9258,-5.3698,-2.6369,84.1778,-2.4585,-5.2388,83.8663,1.6873,9.2665,93.5658
80,5.794659,0.4957,-7.0700,83.6208,-8.3711,-5.8556,83.5720,-20.7606,-16.3491,93.6088,-5.4394,-3.8400,83.8629,-2.7016,-5.1531,83.6099,2.4272,9.4915,93.3151
81,5.841741,0.7881,-7.0657,83.4818,-8.0302,-6.0241,82.7060,-20.8018,-16.3691,93.4922,-5.4511,-4.1242,83.7459,-2.4017,-5.2674,82.7277,2.4835,9.5256,93.2055
82,5.889127,0.7496,-7.0727,83.4153,-7.6646,-6.0248,82.8454,-20.6771,-16.3557,93.6174,-5.4545,-4.0820,83.6769,-2.0272,-5.2441,82.8489,2.3440,9.4689,93.3169
83,5.935595,0.4903,-7.0547,83.5846,-7.3173,-5.9059,83.5000,-20.3624,-16.3120,93.8940,-5.4231,-3.8337,83.8255,-1.6483,-5.1194,83.4873,2.0040,9.3170,93.5627
84,5.984029,-0.0807,-7.0453,83.8438,-7.0127,-5.8242,83.8004,-19.6240,-16.2883,94.1803,-5.3827,-3.2790,84.0414,-1.3315,-5.0239,83.7750,1.2540,9.0373,93.7898
85,6.030481,-1.9437,-7.0409,84.6353,-5.8722,-6.0072,84.0613,-18.0834,-16.2504,94.9315,-5.2794,-1.4647,84.6953,-0.1601,-5.1251,83.9748,-0.3440,8.4626,94.4200
86,6.078055,-2.8058,-7.0393,84.9597,-5.0772,-6.0258,84.4544,-17.4378,-16.2237,95.3617,-5.2329,-0.6229,84.9571,0.6607,-5.0934,84.3296,-1.0328,8.2110,94.8001
87,6.141101,-4.3582,-7.0111,85.8171,-6.8558,-5.3170,88.6830,-15.8079,-16.1591,96.0979,-5.1315,0.8781,85.7037,-0.9174,-4.6769,88.6370,-2.6975,7.5801,95.4400
88,6.205261,-5.4212,-7.0180,86.2792,-7.3840,-5.4883,87.8220,-15.2003,-16.1121,96.5278,-5.0879,1.9139,86.0906,-1.4831,-4.8569,87.7980,-3.3413,7.3236,95.8340
89,6.263388,-5.5699,-7.0177,86.4329,-7.4193,-5.3344,88.7736,-15.3801,-16.0858,96.6893,-5.0822,2.0542,86.2336,-1.4740,-4.7416,88.7515,-3.1962,7.3619,95.9968
90,6.297054,-5.3198,-7.0067,86.6054,-7.6675,-5.3741,88.6819,-15.3715,-16.0574,96.9004,-5.0884,1.7959,86.4237,-1.7244,-4.7970,88.6698,-3.2379,7.3327,96.2010
91,6.346249,-5.3198,-7.0067,86.6054,-7.6675,-5.3741,88.6819,-15.3715,-16.0574,96.9004,-5.0884,1.7959,86.4237,-1.7244,-4.7970,88.6698,-3.2379,7.3327,96.2010
92,6.388502,-5.4672,-7.0014,86.8057,-7.4439,-5.3404,88.8633,-15.5473,-16.0296,97.0324,-5.0788,1.9324,86.6137,-1.4927,-4.7528,88.8414,-3.0898,7.3684,96.3360
93,6.468887,-5.5308,-7.0028,86.7730,-7.5825,-5.3457,88.8805,-15.4440,-16.0326,97.0198,-5.0761,1.9974,86.5766,-1.6299,-4.7697,88.8645,-3.1855,7.3350,96.3202
94,6.547655,-5.4804,-7.0014,86.6739,-7.5394,-5.3641,88.6766,-15.4500,-16.0476,96.8975,-5.0755,1.9521,86.4812,-1.5974,-4.7769,88.6593,-3.1600,7.3510,96.2021
95,6.609638,-5.4569,-7.0050,86.5037,-7.5703,-5.3642,88.5694,-15.4091,-16.0605,96.7603,-5.0772,1.9374,86.3128,-1.6346,-4.7754,88.5543,-3.1746,7.3485,96.0684
96,6.689221,-5.4283,-7.0092,86.2490,-7.1336,-5.3272,88.5046,-17.5442,-15.6229,98.4801,-5.0782,1.9220,86.0605,-1.2050,-4.7021,88.4719,-1.3641,7.6928,97.8426
97,6.733017,-5.3218,-7.0088,86.1583,-7.0799,-5.3245,88.4402,-18.3617,-15.4567,99.0455,-5.0819,1.8206,85.9773,-1.1552,-4.6927,88.4056,-0.6512,7.8271,98.4398
98,6.780688,-5.1420,-7.0185,86.0715,-6.8638,-5.3539,88.2433,-18.2556,-15.8158,98.2852,-5.0998,1.6463,85.9026,-0.9487,-4.6979,88.1990,-0.7221,8.1188,97.6653
99,6.862613,-5.1021,-7.0301,86.0018,-6.9917,-5.3074,88.5345,-17.9691,-17.5235,98.5974,-5.1124,1.6107,85.8354,-1.0629,-4.6723,88.4961,-1.6736,9.6106,97.7146
100,6.956863,-5.2817,-7.0354,85.9914,-7.3914,-5.2925,88.7647,-20.3989,-21.0157,102.0480,-5.1076,1.7905,85.8122,-1.4500,-4.6974,88.7434,-1.3959,13.7365,100.4857
101,7.054231,-5.6046,-7.0311,86.1487,-8.9624,-5.2524,88.9909,-25.2256,-34.2019,110.1734,-5.0885,2.1038,85.9471,-3.0103,-4.7875,89.0432,-4.1948,27.6479,104.6018
102,7.148539,-5.8008,-7.0559,86.0660,-9.2645,-5.2267,88.9588,-32.2876,-46.2331,117.7799,-5.1009,2.3047,85.8495,-3.3163,-4.7838,89.0270,-6.3107,40.8531,105.6756
103,7.245041,-6.7159,-7.0660,86.2247,-9.3888,-5.2595,88.8583,-68.1642,-62.6862,154.0954,-5.0645,3.2087,85.9438,-3.4440,-4.8221,88.9316,-4.0908,67.0220,113.1376
104,7.355002,-5.9225,-7.0539,86.0834,-7.9983,-5.2000,88.1358,-95.7418,-68.5552,-179.4224,-5.0926,2.4250,85.8586,-2.1015,-4.6290,88.1516,-18.3564,79.1359,99.3690
105,7.434546,-5.2286,-7.0285,86.0861,-8.0854,-5.0362,89.1318,-102.6059,-69.6131,-171.3274,-5.1053,1.7324,85.9108,-2.1422,-4.5099,89.1524,-31.0851,81.0261,88.1019
106,7.500126,-5.6115,-7.0124,86.2698,-8.0364,-5.0406,89.1458,-111.4210,-66.8252,-159.4886,-5.0717,2.1036,86.0684,-2.0921,-4.5110,89.1638,-35.6389,85.2055,87.3172
107,7.577836,-5.6618,-7.0172,86.2391,-8.2582,-5.0724,88.9360,-115.4669,-66.8163,-154.1646,-5.0731,2.1555,86.0340,-2.3237,-4.5519,88.9641,-56.8367,86.0100,67.5504
108,7.679467,-5.7309,-7.0237,86.1661,-7.4244,-5.0767,88.8212,-119.1926,-67.0065,-148.0498,-5.0745,2.2284,85.9561,-1.4968,-4.4872,88.8116,-82.8007,85.6304,44.0477
109,7.789131,-5.1764,-7.0412,85.8617,-6.3572,-5.0772,88.6499,-120.7985,-66.5655,-146.4572,-5.1168,1.6924,85.6899,-0.4404,-4.3976,88.5936,-92.7262,85.8857,34.2289
110,7.880298,-4.7639,-7.0518,85.6630,-6.0524,-5.0742,88.5459,-120.6698,-67.1060,-147.1666,-5.1466,1.2922,85.5200,-0.1422,-4.3666,88.4770,-89.0012,85.4987,37.2980
111,8.022878,-4.6101,-7.0536,85.3430,-6.0400,-4.9925,88.3795,-116.0168,-67.8371,-152.8881,-5.1512,1.1553,85.2114,-0.1464,-4.2782,88.3151,-64.7087,85.0178,60.2684
112,8.101433,-4.3967,-7.0542,85.2709,-5.8927,-4.9951,88.1917,-117.3561,-67.3194,-151.6784,-5.1624,0.9465,85.1544,-0.0100,-4.2621,88.1221,-69.8048,85.6156,55.1691
113,8.196597,-4.1417,-7.0475,85.2221,-5.6425,-4.9763,88.3673,-117.3604,-66.9207,-151.7327,-5.1692,0.6946,85.1239,0.2489,-4.2302,88.2866,-69.1431,86.0155,55.8317
114,8.261073,-4.1556,-7.0531,85.2170,-5.6122,-4.9462,88.5403,-116.9616,-66.3658,-152.4404,-5.1740,0.7091,85.1176,0.2870,-4.2041,88.4585,-64.6026,86.5739,60.1343
115,8.308935,-4.0547,-7.0351,85.3080,-5.7387,-4.9529,88.5901,-117.2787,-66.4217,-152.3114,-5.1633,0.6031,85.2161,0.1642,-4.2226,88.5131,-66.3818,86.5644,58.1740
116,8.388503,-4.8214,-7.0046,85.9448,-6.9866,-4.8706,89.2823,-118.3325,-68.6580,-149.4327,-5.1015,1.3327,85.7990,-1.0483,-4.2652,89.2595,-76.5064,84.1180,49.5559
117,8.436995,-5.4819,-7.0246,86.1546,-8.1127,-4.8903,89.2821,-125.5308,-72.9125,-141.5185,-5.0887,1.9810,85.9618,-2.1722,-4.3724,89.3099,-87.6056,79.3716,38.7107
118,8.485463,-5.4819,-7.0246,86.1546,-8.1127,-4.8903,89.2821,-125.5308,-72.9125,-141.5185,-5.0887,1.9810,85.9618,-2.1722,-4.3724,89.3099,-87.6056,79.3716,38.7107
119,8.549339,-5.3826,-7.0063,86.2577,-8.4301,-4.8725,89.2788,-125.4644,-72.7906,-141.7521,-5.0779,1.8760,86.0725,-2.4910,-4.3791,89.3224,-87.6398,79.5205,38.5287
120,8.628659,-5.6805,-6.9921,86.4548,-7.9626,-4.8459,89.4948,-124.8483,-72.5913,-142.1967,-5.0510,2.1620,86.2494,-2.0132,-4.3247,89.5164,-87.1634,79.7407,39.1926
121,8.691216,-5.6088,-7.0038,86.4127,-8.2887,-4.8523,89.5116,-125.0366,-72.6822,-141.9790,-5.0659,2.0933,86.2116,-2.3375,-4.3569,89.5479,-87.3076,79.6315,39.0673
122,8.756461,-5.4677,-7.0022,86.3973,-8.1167,-4.8641,89.4673,-124.7768,-72.5346,-142.3042,-5.0718,1.9534,86.2060,-2.1674,-4.3538,89.4953,-87.1329,79.8069,39.1948
123,8.854275,-3.1007,-6.9271,86.1981,-10.5446,-6.4275,91.7830,-120.9874,-70.3802,-146.6694,-5.1266,-0.3981,86.1737,-4.3383,-6.1881,91.8295,-82.8237,82.2896,43.1705
124,8.945239,-3.0228,-6.9244,86.3165,-9.0878,-8.8045,91.9379,-119.9515,-69.7494,-147.9733,-5.1307,-0.4817,86.2974,-2.6778,-8.4501,91.7802,-80.6270,83.0105,45.1673
125,9.031691,-3.5841,-6.9611,86.2468,-11.7050,-14.3469,97.7649,-121.1662,-70.6051,-146.3691,-5.1337,0.0828,86.1881,-4.5052,-14.4184,97.2969,-83.0406,82.0393,43.0447
126,9.142709,-6.0939,-6.9700,86.3867,-15.8688,-32.8515,103.6981,-124.6431,-72.5916,-142.3783,-5.0051,2.5759,86.1544,-6.3547,-33.3971,101.4809,-86.8489,79.7570,39.5259
127,9.221970,-6.3981,-7.0196,86.0418,-19.4965,-48.0652,108.5588,-124.4229,-72.5258,-142.6224,-5.0317,2.8988,85.7865,-6.9802,-48.9507,103.6175,-86.5973,79.8444,39.7593
128,9.317605,-5.8000,-6.8987,86.5081,-27.7803,-72.4598,118.5661,-125.1027,-72.9171,-141.8613,-4.9522,2.2733,86.2994,-0.3412,-73.5725,98.9088,-87.0017,79.3970,39.3893
129,9.424025,-5.6614,-6.9973,86.2496,-102.7388,-83.0122,-166.3875,-123.6583,-72.2493,-143.3644,-5.0535,2.1535,86.0455,151.7855,-89.2364,-52.8758,-85.8205,80.1737,40.5838
130,9.494199,-5.6659,-6.9943,86.2716,-112.5049,-79.8637,-157.1299,-124.3016,-72.5479,-142.7273,-5.0505,2.1567,86.0674,-140.3066,-86.3246,-121.1274,-86.3708,79.8328,39.9960
131,9.573503,-5.6942,-6.9963,86.2415,-116.3770,-78.9316,-153.4539,-124.0598,-72.4317,-142.9967,-5.0505,2.1866,86.0353,-142.1082,-85.1612,-119.4755,-86.1604,79.9699,40.1915
132,9.605535,-5.6348,-6.9927,86.2607,-119.2883,-78.0598,-150.4690,-123.7045,-72.2702,-143.3600,-5.0505,2.1262,86.0587,-143.2145,-84.1174,-118.2550,-85.8356,80.1569,40.5252
133,9.669482,-4.6860,-6.9514,86.3214,-111.8419,-76.3732,-156.1826,-122.6291,-71.6476,-144.6605,-5.0630,1.1759,86.1863,-124.6641,-83.1707,-134.9937,-84.7582,80.8817,41.4499
134,9.733028,-3.9365,-6.9414,86.2415,-111.4440,-75.7425,-156.4087,-121.8973,-71.2016,-145.5424,-5.0938,0.4330,86.1586,-122.6312,-82.5922,-136.8246,-83.8649,81.3933,42.2440
135,9.797072,-1.7646,-6.8783,85.8580,-117.6751,-75.4291,-153.0356,-119.8273,-69.8192,-148.0662,-5.1499,-1.7144,85.9276,-131.5845,-81.8200,-130.6966,-80.2295,82.9432,45.5817
136,9.892839,-0.4745,-6.8311,85.6742,-115.2252,-75.4747,-156.4888,-118.6599,-68.9964,-149.3663,-5.1770,-2.9927,85.8338,-126.9573,-82.0273,-136.3201,-77.1451,83.8161,48.6208
137,9.987668,-0.1571,-6.8222,85.6906,-110.4414,-75.7178,-161.5760,-118.3402,-68.7792,-149.6291,-5.1879,-3.3101,85.8724,-118.5632,-82.5386,-145.0280,-76.2106,84.0283,49.6329
138,10.099809,0.5861,-6.8390,85.8961,-110.3236,-75.8141,-161.5638,-117.2680,-68.0683,-150.6192,-5.2546,-4.0596,86.1319,-118.5624,-82.6420,-144.9047,-72.1706,84.7185,53.8214
139,10.162774,0.5971,-6.8275,85.9444,-110.5078,-76.2508,-161.4387,-117.3358,-68.2157,-150.4096,-5.2447,-4.0736,86.1803,-119.6360,-83.0573,-143.9123,-72.7520,84.5545,53.3606
140,10.244142,0.6864,-6.8045,85.9249,-112.9541,-77.9025,-158.9642,-116.9715,-67.8795,-150.9390,-5.2269,-4.1630,86.1660,-128.7712,-84.4955,-134.8341,-70.7377,84.9008,55.2481
141,10.324698,0.6826,-6.7993,85.8536,-110.2954,-76.4268,-161.6215,-117.2570,-68.0599,-150.8722,-5.2202,-4.1559,86.0941,-119.5688,-83.2406,-143.9593,-71.7172,84.7598,54.0370
142,10.433100,-2.8663,-6.8413,86.6358,-116.5974,-80.3483,-152.7122,-122.9459,-72.1395,-144.0185,-5.0629,-0.6584,86.6277,-153.9818,-86.2963,-107.1546,-84.7941,80.3307,41.6680
143,10.520445,-6.0586,-6.9188,86.5360,-127.4473,-82.7308,-142.5828,-123.5010,-72.4849,-143.3267,-4.9587,2.5305,86.3088,161.5857,-86.2434,-63.5715,-85.2913,79.9315,41.2662
144,10.615963,-5.4999,-6.9381,86.3833,-124.3841,-82.0520,-146.0832,-122.6741,-72.0011,-144.3605,-5.0056,1.9827,86.1931,174.0328,-86.4148,-76.4158,-84.4688,80.4970,41.9387
145,10.689869,-5.4769,-6.9778,86.0996,-121.9408,-81.5734,-148.3305,-123.3808,-72.3980,-143.5681,-5.0413,1.9763,85.9096,-176.6441,-86.4849,-85.5165,-85.1471,80.0449,41.3010
146,10.757300,-5.6552,-6.9599,86.2261,-121.9236,-81.5035,-148.5201,-123.2401,-72.3132,-143.7330,-5.0160,2.1466,86.0246,-175.5068,-86.4569,-86.8219,-85.0261,80.1417,41.4079
147,10.830353,-5.6605,-6.9519,86.3257,-122.7375,-81.7445,-147.5072,-122.8429,-72.1599,-144.0814,-5.0096,2.1464,86.1240,179.9759,-86.4709,-82.1195,-84.6075,80.3130,41.8889
148,10.910509,-5.7944,-6.9625,86.2653,-126.3351,-82.2811,-144.1863,-120.2098,-70.7017,-147.1726,-5.0117,2.2834,86.0541,169.1158,-86.2645,-71.5671,-80.7841,81.9785,45.4112
149,11.010785,-5.1198,-6.9867,86.0548,-130.8616,-82.8484,-139.8282,-117.1037,-68.5395,-150.5630,-5.0691,1.6233,85.8890,158.5495,-85.9028,-61.2048,-72.1508,84.2199,53.9846
150,11.097407,-4.4629,-6.9596,86.1645,-130.1273,-82.7921,-140.3288,-120.3622,-71.0134,-147.0050,-5.0807,0.9621,86.0448,159.5644,-85.9610,-61.9827,-80.8176,81.6630,45.3504
151,11.181531,-5.2091,-6.9829,86.2998,-123.1728,-81.6903,-146.8881,-108.8618,-74.6424,-159.5384,-5.0648,1.6997,86.1275,-179.9201,-86.3808,-82.0384,-62.5832,77.8816,61.7105
152,11.245381,-5.4907,-6.9554,86.5711,-118.6443,-80.6594,-151.0052,-83.0776,-75.1913,175.2676,-5.0270,1.9651,86.3803,-160.7624,-86.2988,-100.7296,-44.2903,72.9620,79.6010
153,11.309267,-5.8758,-6.9584,86.6928,-116.5985,-80.3101,-152.2355,-60.9936,-70.8048,151.4737,-5.0112,2.3427,86.4754,-154.0917,-86.2577,-106.5692,-27.9200,67.1820,93.2834
154,11.372753,-6.1169,-6.9735,86.6674,-115.2416,-79.7253,-153.8168,-51.4227,-66.2179,140.8532,-5.0128,2.5849,86.4327,-145.8676,-85.9411,-114.9866,-19.9081,62.3352,99.5231
155,11.422271,-6.3507,-7.0275,86.4166,-114.0029,-79.1922,-154.9968,-37.8552,-55.0340,127.4940,-5.0494,2.8332,86.1631,-139.5003,-85.6054,-121.2682,-11.3026,50.1823,106.5431
156,11.484566,-6.5736,-7.0031,86.5629,-127.8057,-82.3622,-142.7199,-29.1287,-44.2161,119.0381,-5.0157,3.0467,86.2954,166.8919,-86.1116,-69.3542,-8.2582,38.0934,107.8136
157,11.559895,-5.8923,-6.8659,86.7400,-120.1842,-81.0752,-149.7763,-21.0288,-27.7065,111.2769,-4.9188,2.3517,86.5266,-167.8985,-86.4012,-93.9256,-5.4545,20.3597,107.4565
158,11.642408,-5.3235,-6.9142,86.5654,-122.1585,-81.4166,-148.2667,-17.2844,-19.8968,105.4490,-4.9949,1.7966,86.3880,-174.6728,-86.3790,-87.6334,-4.6245,11.6892,103.7519
159,11.737467,-5.6220,-6.9637,86.3033,-121.4545,-81.3980,-148.4731,-16.4551,-18.0090,101.8062,-5.0230,2.1097,86.1037,-173.9368,-86.4355,-87.8720,-3.9451,9.5698,100.6183
160,11.833890,-5.6020,-6.9487,86.5355,-121.7056,-81.4424,-148.1023,-16.6142,-19.6541,95.7923,-5.0136,2.0773,86.3375,-174.9706,-86.4239,-86.7216,-3.1470,11.1147,94.7189
161,11.930301,-5.1785,-6.9663,86.2979,-126.2465,-82.2371,-143.9021,-15.9640,-18.5374,95.3405,-5.0501,1.6685,86.1285,169.5630,-86.2384,-71.6407,-3.2547,9.8515,94.4265
162,12.043042,-4.8475,-6.9848,86.0183,-129.2739,-82.6458,-141.0004,-15.6914,-18.1620,94.8701,-5.0817,1.3539,85.8714,161.9266,-86.0107,-64.1549,-3.2765,9.4097,94.0229
163,12.104573,-4.8218,-6.9785,86.0147,-130.5712,-82.7924,-139.8241,-15.7597,-17.7831,94.6757,-5.0767,1.3281,85.8698,159.3097,-85.9038,-61.6683,-3.0339,9.0821,93.8894
164,12.187524,-4.4859,-6.9354,86.1298,-131.7780,-82.9912,-138.3029,-16.9447,-17.6050,93.8513,-5.0546,0.9854,86.0094,155.9794,-85.7926,-58.0367,-1.6811,9.3372,93.1778
165,12.266191,-4.4883,-6.9265,86.3055,-131.3431,-82.9436,-138.4875,-16.7265,-17.5678,94.3631,-5.0489,0.9784,86.1850,156.6926,-85.8164,-58.4975,-1.9800,9.2217,93.6570
166,12.345690,-4.6640,-6.9416,86.6186,-128.0404,-82.5578,-141.2493,-15.5437,-16.8869,96.4573,-5.0601,1.1386,86.4850,163.3367,-86.0758,-64.5774,-3.2828,8.1651,95.6829
167,12.426295,-5.4495,-6.9104,87.5625,-121.1621,-81.5144,-147.1482,-14.4745,-16.7677,96.8351,-5.0037,1.8720,87.3747,-176.5842,-86.4653,-83.6195,-4.3235,7.6798,96.0252
168,12.490145,-5.8457,-6.8957,87.8475,-122.0466,-81.7126,-146.1939,-16.6760,-16.3115,98.5994,-4.9730,2.2516,87.6330,179.5344,-86.4476,-79.6795,-2.4539,8.0318,97.8306
169,12.553378,-5.3863,-6.9005,87.8189,-120.9121,-81.4396,-147.3739,-15.3446,-16.6048,97.5633,-5.0025,1.7956,87.6353,-175.2576,-86.4566,-84.9180,-3.5978,7.8341,96.7626
170,12.628980,-5.8017,-6.8956,87.9390,-121.6395,-81.6516,-146.4859,-15.6951,-16.3889,98.2966,-4.9771,2.2033,87.7272,-179.2375,-86.4648,-80.7896,-3.3420,7.7592,97.4983
171,12.693149,-5.6985,-6.9030,87.7718,-121.1600,-81.5253,-147.0836,-15.4332,-16.4849,97.8937,-4.9868,2.1091,87.5670,-176.7895,-86.4681,-83.3483,-3.5397,7.7548,97.0948
172,12.755535,-5.5884,-6.8987,87.7362,-121.1469,-81.5169,-147.0950,-15.4654,-16.4483,98.0010,-4.9879,2.0010,87.5391,-176.6598,-86.4654,-83.4760,-3.5182,7.7324,97.2025
173,12.821336,-5.5934,-6.8988,87.6791,-121.8854,-81.4623,-146.5856,-15.5900,-16.4618,97.8845,-4.9865,2.0088,87.4819,-176.6314,-86.3537,-83.7308,-3.3818,7.7880,97.0938
174,12.901700,-3.1370,-6.8857,87.1872,-118.6196,-80.0445,-151.3291,-18.6929,-16.3880,98.1868,-5.1023,-0.4140,87.1594,-154.3616,-85.8542,-107.3974,-0.4945,8.8034,97.5174
175,12.970189,-2.7685,-6.8653,87.1457,-106.8379,-82.6835,-161.1058,-18.8743,-16.4074,98.0925,-5.1025,-0.7800,87.1437,171.1776,-88.6887,-71.0693,-0.3106,8.8840,97.4345
176,13.030630,-3.5872,-6.8794,87.1592,-73.5052,-84.8942,164.9005,-18.4666,-16.4349,97.9727,-5.0694,0.0356,87.1003,48.6333,-86.7059,50.6525,-0.6804,8.7673,97.2972
177,13.063320,-3.9399,-6.8295,87.2439,-20.6184,-78.2414,109.4677,-18.6422,-16.4667,97.7951,-5.0012,0.3798,87.1618,16.9048,-77.6686,79.6128,-0.4891,8.8572,97.1334
178,13.122534,-3.8709,-6.8980,87.0073,-16.5782,-72.9856,104.0444,-18.4420,-16.4584,97.7426,-5.0689,0.3267,86.9288,10.0554,-72.5385,84.9989,-0.6643,8.7795,97.0750
179,13.153948,-3.8709,-6.8980,87.0073,-16.5782,-72.9856,104.0444,-18.4420,-16.4584,97.7426,-5.0689,0.3267,86.9288,10.0554,-72.5385,84.9989,-0.6643,8.7795,97.0750
180,13.219425,-4.7786,-6.8636,87.2387,-13.6532,-59.9575,98.2791,-17.0699,-16.3685,97.8874,-4.9878,1.2173,87.0990,2.2560,-59.6830,89.7613,-1.9558,8.2182,97.1626
181,13.299388,-5.5862,-6.9187,87.0228,-10.3705,-35.2630,98.0644,-16.4976,-16.3320,97.9541,-4.9939,2.0355,86.8264,-0.6990,-35.1035,95.4131,-2.4954,7.9849,97.2082
182,13.377907,-5.5921,-6.8992,87.2706,-6.9659,-15.4402,97.4240,-15.9716,-16.3192,98.0308,-4.9789,2.0280,87.0743,0.3551,-15.1232,96.6542,-3.0018,7.7896,97.2639
183,13.449827,-5.5723,-6.9181,87.2028,-6.1832,-9.7812,89.8602,-15.9348,-16.3362,98.0237,-4.9976,2.0127,87.0070,0.1959,-9.1135,89.5379,-3.0411,7.7923,97.2537
184,13.522071,-5.6335,-6.9106,87.3875,-6.5620,-9.7355,91.6749,-15.8445,-16.3341,98.0697,-4.9903,2.0640,87.1876,-0.0813,-9.1692,91.3505,-3.1349,7.7591,97.2946
185,13.587403,-5.5979,-6.9076,87.4222,-6.5706,-10.3903,91.6697,-15.9526,-16.3044,98.1719,-4.9900,2.0266,87.2248,-0.0338,-9.8216,91.3069,-3.0436,7.7697,97.3992
186,13.662837,-5.6398,-6.9121,87.4083,-6.8154,-10.4282,90.5906,-16.0389,-16.3096,98.1489,-4.9919,2.0693,87.2078,-0.3394,-9.8358,90.2498,-2.9594,7.8047,97.3796
187,13.744862,-4.3804,-6.8930,87.1080,-6.5981,-11.1769,87.2942,-17.8888,-16.3365,98.0336,-5.0370,0.8288,86.9945,-0.2550,-10.4406,86.9437,-1.2027,8.4747,97.3409
188,13.857221,-1.9195,-6.8191,86.5962,-6.7265,-9.3889,89.2412,-20.0463,-16.3269,97.8881,-5.0955,-1.6008,86.6535,-0.4193,-8.7422,88.9721,0.8682,9.2147,97.3163
189,13.942175,-0.5657,-6.7145,86.5220,-6.6707,-9.6778,89.5772,-21.3948,-16.2974,97.8520,-5.0710,-2.9515,86.6707,-0.3186,-9.0382,89.2856,2.1627,9.6535,97.3703
190,13.998565,0.1051,-6.6840,86.4702,-7.4540,-9.8226,89.1394,-21.7650,-16.3162,97.8025,-5.0806,-3.6189,86.6640,-1.1182,-9.2273,88.8800,2.5171,9.7983,97.3459
191,14.047643,0.4780,-6.6366,86.6495,-8.0662,-10.2973,89.3723,-21.9273,-16.2809,97.9476,-5.0599,-4.0021,86.8666,-1.6784,-9.7564,89.1114,2.6533,9.8222,97.4990
192,14.095396,0.3732,-6.5760,86.8754,-7.7968,-10.4017,89.6552,-21.6855,-16.2300,98.2222,-4.9971,-3.9128,87.0821,-1.3820,-9.8502,89.3722,2.3851,9.6930,97.7484
193,14.144685,0.3121,-6.5743,86.9518,-7.5339,-10.1532,89.6865,-21.7078,-16.2015,98.3941,-4.9932,-3.8558,87.1543,-1.1376,-9.5835,89.4054,2.3805,9.6753,97.9162
194,14.187957,0.1704,-6.5744,87.3252,-7.3416,-10.0593,89.8698,-21.9005,-16.1635,98.7084,-4.9920,-3.7332,87.5181,-0.9418,-9.4819,89.5830,2.5113,9.7088,98.2313
195,14.219476,0.1704,-6.5744,87.3252,-7.3416,-10.0593,89.8698,-21.9005,-16.1635,98.7084,-4.9920,-3.7332,87.5181,-0.9418,-9.4819,89.5830,2.5113,9.7088,98.2313
196,14.283580,0.0116,-6.5785,87.7129,-6.8673,-9.9680,90.2504,-21.9675,-16.1007,99.0858,-4.9941,-3.5941,87.8951,-0.4511,-9.3685,89.9429,2.5187,9.6767,98.6010
197,14.315394,0.0116,-6.5785,87.7129,-6.8673,-9.9680,90.2504,-21.9675,-16.1007,99.0858,-4.9941,-3.5941,87.8951,-0.4511,-9.3685,89.9429,2.5187,9.6767,98.6010
198,14.378515,-0.1121,-6.5941,87.7412,-6.4916,-9.9367,90.3432,-21.9238,-16.0979,99.1259,-5.0026,-3.4714,87.9157,-0.0714,-9.3112,90.0197,2.4699,9.6596,98.6361
199,14.427182,-0.3386,-6.6390,87.7125,-5.5771,-10.0804,90.6833,-22.1173,-16.1169,99.0328,-5.0331,-3.2416,87.8734,0.8783,-9.3950,90.3076,2.6659,9.7430,98.5589
200,14.474121,-0.9464,-6.6388,87.9057,-5.1066,-9.9591,91.1201,-21.9043,-16.1387,98.9445,-4.9998,-2.6459,88.0251,1.3652,-9.2539,90.7264,2.4746,9.6891,98.4578
201,14.537540,-2.3178,-6.6831,87.9323,-4.2882,-9.8557,91.3145,-20.4431,-16.0528,99.0980,-4.9627,-1.2786,87.9600,2.1881,-9.0928,90.8906,1.0901,9.1055,98.5215
202,14.601709,-2.9014,-6.7169,87.8735,-4.4733,-9.7755,91.5349,-19.7983,-16.0658,99.0410,-4.9612,-0.6924,87.8623,2.0083,-9.0367,91.1208,0.4877,8.8937,98.4287
203,14.648681,-3.4020,-6.7260,87.9336,-4.8228,-9.7114,91.6873,-19.1653,-16.0496,99.0898,-4.9425,-0.1962,87.8887,1.6613,-9.0071,91.2895,-0.1146,8.6592,98.4427
204,14.713282,-4.4812,-6.7654,87.9700,-6.0238,-9.5805,92.2198,-17.6266,-16.0769,99.0164,-4.9211,0.8791,87.8523,0.4767,-8.9944,91.8747,-1.5604,8.1484,98.2962
205,14.781963,-5.6087,-6.8188,87.9346,-7.7861,-9.5381,92.4376,-16.1162,-16.0727,99.0035,-4.9109,2.0071,87.7400,-1.2818,-9.0999,92.1709,-2.9785,7.6170,98.2257
206,14.871256,-5.5438,-6.8137,87.9505,-7.7674,-9.5247,92.3910,-16.3430,-16.0673,99.0028,-4.9097,1.9414,87.7604,-1.2669,-9.0831,92.1248,-2.7630,7.6914,98.2338
207,14.949795,-5.5996,-6.8277,87.8697,-7.7356,-9.5150,92.3707,-16.2711,-16.0803,98.9153,-4.9190,2.0017,87.6753,-1.2370,-9.0702,92.1038,-2.8172,7.6775,98.1462
208,15.015185,-5.6211,-6.8325,87.7379,-7.7949,-9.5259,92.1981,-16.2833,-16.0979,98.7714,-4.9200,2.0299,87.5421,-1.3056,-9.0787,91.9353,-2.7823,7.6971,98.0075
209,15.047369,-5.5814,-6.8444,87.4700,-7.7571,-9.5346,91.9035,-16.2570,-16.1341,98.4840,-4.9286,2.0043,87.2768,-1.2839,-9.0724,91.6418,-2.7604,7.7195,97.7287
210,15.077248,-5.5814,-6.8444,87.4700,-7.7571,-9.5346,91.9035,-16.2570,-16.1341,98.4840,-4.9286,2.0043,87.2768,-1.2839,-9.0724,91.6418,-2.7604,7.7195,97.7287
211,15.124609,-5.5603,-6.8609,87.2148,-7.8228,-9.5279,91.7978,-15.9634,-16.1788,98.1971,-4.9413,1.9970,87.0227,-1.3565,-9.0666,91.5407,-2.9935,7.6568,97.4397
212,15.204346,-5.4996,-6.8696,86.5461,-7.7795,-9.5516,91.0894,-15.8965,-16.2595,97.5215,-4.9404,1.9705,86.3590,-1.3523,-9.0584,90.8371,-2.9454,7.7057,96.7846
213,15.262850,-5.5970,-6.8773,86.2785,-7.7494,-9.5589,90.8695,-15.8807,-16.2833,97.3036,-4.9377,2.0814,86.0851,-1.3344,-9.0546,90.6181,-2.9237,7.7217,96.5740
214,15.326231,-5.4375,-6.8936,85.7283,-7.7067,-9.5852,90.3711,-15.8535,-16.3546,96.8146,-4.9525,1.9513,85.5460,-1.3187,-9.0579,90.1221,-2.8736,7.7779,96.0992
215,15.389724,-5.5143,-6.9053,85.3238,-7.7317,-9.5973,89.9985,-15.6685,-16.4120,96.3805,-4.9526,2.0488,85.1365,-1.3647,-9.0574,89.7543,-2.9783,7.7667,95.6730
216,15.437940,-5.4244,-6.9182,84.8946,-7.7056,-9.6205,89.5827,-15.5321,-16.4709,95.9589,-4.9628,1.9817,84.7135,-1.3613,-9.0626,89.3409,-3.0404,7.7744,95.2603
217,15.484987,-5.5320,-6.9074,84.8191,-7.7558,-9.5959,89.6386,-15.5356,-16.4558,95.9139,-4.9448,2.0922,84.6316,-1.4104,-9.0441,89.3999,-3.0222,7.7617,95.2196
218,15.532530,-5.4081,-6.9205,84.5180,-7.7327,-9.6208,89.3176,-15.5003,-16.4955,95.6481,-4.9594,1.9848,84.3387,-1.4042,-9.0549,89.0801,-3.0147,7.7872,94.9608
219,15.580448,-5.4853,-6.9286,84.4237,-7.6344,-9.6270,89.2157,-15.6629,-16.4787,95.6612,-4.9616,2.0668,84.2391,-1.3112,-9.0496,88.9747,-2.8584,7.8283,94.9810
220,15.627785,-5.4701,-6.9242,84.3382,-7.7274,-9.6063,89.2815,-15.5118,-16.4802,95.5963,-4.9565,2.0558,84.1550,-1.4022,-9.0387,89.0450,-2.9877,7.7771,94.9138
221,15.690674,-5.4993,-6.9244,84.3681,-7.6453,-9.6409,89.0770,-15.6297,-16.4999,95.5632,-4.9557,2.0835,84.1828,-1.3292,-9.0590,88.8373,-2.8770,7.8368,94.8841
222,15.747077,-5.4778,-6.9196,84.4777,-7.7474,-9.6086,89.3891,-15.4864,-16.4755,95.6909,-4.9540,2.0562,84.2939,-1.4157,-9.0466,89.1522,-3.0294,7.7635,95.0035
223,15.779627,-5.4434,-6.9298,84.4928,-7.7119,-9.6172,89.4043,-15.6766,-16.4416,95.8531,-4.9663,2.0217,84.3109,-1.3785,-9.0529,89.1651,-2.8719,7.7981,95.1684
224,15.839244,-5.5347,-6.9248,84.5849,-7.7278,-9.6143,89.4459,-15.5845,-16.4547,95.8274,-4.9579,2.1076,84.3968,-1.3922,-9.0529,89.2071,-2.9579,7.7780,95.1391
225,15.925732,-5.4626,-6.9249,84.6246,-7.7479,-9.6071,89.4876,-15.6169,-16.4371,95.8938,-4.9626,2.0339,84.4413,-1.4104,-9.0489,89.2496,-2.9347,7.7729,95.2055
226,16.019429,-5.5176,-6.9002,84.5365,-7.6556,-9.5863,89.3554,-15.6182,-16.4310,95.7230,-4.9334,2.0919,84.3509,-1.3275,-9.0159,89.1159,-2.8960,7.7682,95.0440
227,16.083282,-5.4201,-6.8975,84.3641,-7.6830,-9.6447,88.8353,-15.8881,-16.4845,95.4560,-4.9332,2.0034,84.1855,-1.3812,-9.0566,88.6000,-2.6059,7.9132,94.7934
228,16.129754,-5.4201,-6.8975,84.3641,-7.6830,-9.6447,88.8353,-15.8881,-16.4845,95.4560,-4.9332,2.0034,84.1855,-1.3812,-9.0566,88.6000,-2.6059,7.9132,94.7934
229,16.193822,-5.3524,-6.9228,83.5085,-7.4431,-9.6328,87.8479,-15.8778,-16.5265,94.6844,-4.9478,1.9809,83.3348,-1.2011,-8.9896,87.6141,-2.4707,7.9528,94.0550
230,16.258501,-5.5067,-6.9057,82.7081,-7.4407,-9.6480,87.1081,-15.4116,-16.6135,93.8143,-4.9094,2.1748,82.5267,-1.2424,-8.9779,86.8822,-2.7605,7.8781,93.2011
231,16.352261,-5.3065,-6.9099,81.2622,-7.4525,-9.6423,85.8238,-14.6591,-16.8272,92.0827,-4.9029,2.0502,81.0967,-1.3337,-8.9284,85.6142,-3.1868,7.8364,91.5055
232,16.431260,-5.1025,-6.8809,80.7340,-7.2303,-9.6346,85.2975,-14.4201,-16.8324,91.5922,-4.8777,1.8728,80.5843,-1.1441,-8.8854,85.0845,-3.3122,7.7658,91.0310
233,16.503310,-5.1118,-7.0094,77.8155,-7.5249,-9.9629,81.5052,-14.9601,-17.2773,88.4347,-4.9689,2.0415,77.6649,-1.6522,-9.1152,81.3361,-2.3125,8.4420,88.0059
234,16.585738,-4.6185,-7.2039,75.5611,-7.1202,-10.0132,79.8263,-13.6378,-17.6397,86.0285,-5.1674,1.6799,75.4409,-1.3507,-9.0856,79.6575,-3.1942,8.3965,85.6413
235,16.644358,-4.2423,-7.2919,66.8527,-6.3360,-10.3736,69.7469,-12.2376,-18.3368,76.5486,-5.2313,1.7756,66.7703,-1.2126,-9.1616,69.6599,-2.8591,9.0564,76.5506
236,16.687343,-3.8738,-7.3056,63.6896,-6.2904,-10.3840,66.9766,-10.5892,-18.5419,73.0551,-5.2666,1.5793,63.6380,-1.3583,-9.1282,66.9246,-3.8057,8.9296,73.1731
237,16.719366,-3.8824,-7.2713,60.7990,-5.9638,-10.4849,63.6422,-10.1393,-18.6467,70.0059,-5.2411,1.7411,60.7514,-1.2563,-9.1669,63.6176,-3.6878,9.1269,70.2618
238,16.782449,-3.4577,-7.3136,54.0141,-5.4000,-10.5814,56.9210,-8.1644,-18.8390,62.8949,-5.3590,1.6813,54.0049,-1.1585,-9.1866,56.9608,-4.3207,9.3248,63.4488
239,16.876820,-3.3703,-7.1567,47.8771,-5.0298,-10.5076,51.2296,-5.9611,-18.7471,56.2596,-5.2906,1.9044,47.8829,-1.1966,-9.0994,51.3317,-5.2377,9.2604,57.0843
240,16.974448,-2.6999,-6.9374,35.5065,-3.7974,-10.4842,38.2940,-3.3790,-18.1880,43.4971,-5.3773,1.8311,35.5723,-0.8604,-9.1585,38.5144,-5.5927,9.6806,44.8334
241,17.055974,-1.9399,-6.8789,32.2656,-3.5701,-10.4383,35.2440,-2.7403,-17.9721,40.2267,-5.4523,1.2194,32.3905,-0.8402,-9.1657,35.4938,-5.7051,9.7888,41.6791
242,17.164997,-1.7148,-6.5756,23.6862,-2.8393,-10.1935,26.7135,-0.5995,-17.0579,31.4180,-5.4428,1.3432,23.8302,-0.6740,-9.1173,27.0353,-6.4472,9.7260,33.1203
243,17.231768,-1.3332,-6.2424,15.4461,-2.2542,-9.8799,18.7035,1.3959,-15.9391,23.0511,-5.4494,1.2517,15.6175,-0.5860,-9.0665,19.0869,-7.2612,9.5627,24.9170
244,17.294034,-0.9636,-5.9962,10.1792,-1.8954,-9.6407,13.4768,2.3031,-15.1082,17.8537,-5.4494,1.0409,10.3757,-0.5288,-9.0345,13.8949,-7.5303,9.4951,19.7807
245,17.396077,-0.9252,-5.7507,5.2186,-1.6850,-9.3924,8.5484,3.1846,-14.2387,12.8789,-5.4320,1.1305,5.4138,-0.5840,-9.0143,8.9995,-7.8658,9.3793,14.8332
246,17.467779,-0.6251,-5.3650,-1.8232,-1.1776,-8.9790,1.7176,4.4721,-12.8860,5.8700,-5.4034,0.9760,-1.6135,-0.4126,-8.9330,2.1945,-8.4923,9.1047,7.8103
247,17.532010,-0.4030,-5.1016,-6.1337,-0.9466,-8.7114,-2.5825,5.1105,-11.9980,1.6041,-5.3701,0.8208,-5.9140,-0.3700,-8.8989,-2.0908,-8.8052,8.9338,3.5074
248,17.595725,-0.3930,-4.8604,-10.2327,-0.7071,-8.4278,-6.6133,5.4743,-11.1227,-2.3020,-5.3415,0.8585,-10.0186,-0.2918,-8.8433,-6.1139,-8.9239,8.7954,-0.4548
249,17.660692,-0.2961,-4.6153,-14.1467,-0.5550,-8.1565,-10.3299,5.9679,-10.2548,-6.0869,-5.3081,0.7924,-13.9322,-0.2734,-8.7960,-9.8240,-9.2184,8.5879,-4.3073
250,17.728877,-0.2038,-4.3788,-17.7480,-0.4732,-7.8791,-13.7493,6.2871,-9.4314,-9.5033,-5.2688,0.7154,-17.5337,-0.3030,-8.7354,-13.2391,-9.3979,8.4005,-7.7995
251,17.786389,-0.2305,-4.1798,-20.8775,-0.4217,-7.6706,-16.7548,6.6955,-8.7298,-12.5015,-5.2365,0.7454,-20.6709,-0.3357,-8.7229,-16.2402,-9.7170,8.2023,-10.8660
252,17.834254,-0.1762,-4.0044,-23.3030,-0.2754,-7.4836,-19.0695,6.6495,-8.1773,-14.6546,-5.1950,0.6865,-23.0979,-0.2487,-8.6811,-18.5589,-9.6327,8.1284,-13.0811
253,17.881370,-0.1400,-3.9410,-24.3391,-0.1920,-7.4129,-19.8483,6.8315,-7.9567,-15.5674,-5.1895,0.6474,-24.1332,-0.1842,-8.6569,-19.3412,-9.7946,8.0372,-14.0173
254,17.929356,-0.2570,-3.8852,-25.1401,-0.2488,-7.3520,-20.4564,6.8098,-7.7882,-16.1387,-5.1703,0.7604,-24.9443,-0.2560,-8.6420,-19.9472,-9.7608,7.9992,-14.6093
255,17.995632,-0.0670,-3.8094,-26.2145,-0.1684,-7.2904,-21.3661,6.7673,-7.5765,-17.0563,-5.1633,0.5655,-26.0075,-0.1948,-8.6365,-20.8594,-9.7209,7.9944,-15.5512
256,18.056331,-0.1551,-3.7891,-26.6345,-0.1317,-7.2734,-21.7148,6.8146,-7.5033,-17.4097,-5.1606,0.6513,-26.4343,-0.1646,-8.6405,-21.2090,-9.7685,7.9774,-15.9121
257,18.123426,-0.1515,-3.7898,-26.7036,-0.1716,-7.2761,-21.6701,6.7027,-7.5122,-17.3320,-5.1653,0.6476,-26.5029,-0.2037,-8.6433,-21.1626,-9.6607,8.0101,-15.8345
258,18.183680,-0.1473,-3.8165,-26.5910,-0.2265,-7.3137,-21.5383,6.8181,-7.5624,-17.2780,-5.1860,0.6452,-26.3891,-0.2540,-8.6761,-21.0268,-9.7808,8.0058,-15.7723
259,18.253562,-0.1260,-3.8262,-26.5213,-0.1514,-7.3086,-21.4540,6.6872,-7.5810,-17.1279,-5.1931,0.6248,-26.3176,-0.1778,-8.6593,-20.9467,-9.6528,8.0402,-15.6219
260,18.309912,-0.0540,-3.8294,-26.3553,-0.1424,-7.3216,-21.3622,6.5901,-7.6123,-16.9790,-5.1915,0.5535,-26.1464,-0.1663,-8.6652,-20.8549,-9.5608,8.0748,-15.4701
261,18.373217,-0.1477,-3.8450,-26.2937,-0.1624,-7.3243,-21.3375,6.5974,-7.6181,-16.9567,-5.1984,0.6478,-26.0909,-0.1857,-8.6678,-20.8293,-9.5678,8.0734,-15.4470
262,18.443235,-0.0646,-3.8449,-26.3742,-0.1679,-7.3221,-21.5199,6.5424,-7.6012,-17.0481,-5.2073,0.5649,-26.1653,-0.1942,-8.6785,-21.0108,-9.5179,8.0946,-15.5405
263,18.501895,-0.0984,-3.8066,-26.6932,-0.1787,-7.2747,-21.8455,6.5285,-7.4888,-17.4141,-5.1844,0.5958,-26.4881,-0.2136,-8.6545,-21.3370,-9.4964,8.0654,-15.9207
264,18.565770,-0.1928,-3.7924,-26.9586,-0.1738,-7.2560,-22.0323,6.6185,-7.4262,-17.6476,-5.1792,0.6884,-26.7606,-0.2129,-8.6483,-21.5241,-9.5786,8.0204,-16.1612
265,18.635739,-0.1243,-3.7843,-27.0943,-0.2003,-7.2485,-22.1778,6.5756,-7.3975,-17.7674,-5.1822,0.6193,-26.8917,-0.2421,-8.6529,-21.6683,-9.5385,8.0316,-16.2846
266,18.693319,-0.1514,-3.7640,-27.3895,-0.0897,-7.2019,-22.5672,6.5511,-7.3160,-18.0054,-5.1763,0.6443,-27.1894,-0.1402,-8.6246,-22.0633,-9.5080,8.0101,-16.5334
267,18.755915,2.1304,-3.6871,-28.0063,1.5881,-6.9880,-27.5155,2.0428,-7.2803,-18.3662,-5.2651,-1.6344,-27.6465,1.4704,-8.6204,-27.0755,-5.2991,9.6284,-16.8640
268,18.822569,2.7746,-3.6535,-28.1700,1.5717,-7.0110,-27.3759,1.5441,-7.2560,-18.6763,-5.2789,-2.2785,-27.7660,1.4567,-8.6349,-26.9344,-4.8476,9.8397,-17.1646
269,18.917975,2.9323,-3.6479,-28.1006,-0.1781,-10.1990,-25.2562,3.1962,-7.2300,-18.5546,-5.2791,-2.4355,-27.6859,-0.0488,-11.7995,-24.5703,-6.3810,9.2129,-17.0781
270,19.026887,-0.6334,-3.7263,-28.2504,-4.0764,-43.5636,-36.3435,6.6353,-7.1863,-18.3431,-5.1577,1.1194,-28.0852,-2.0390,-46.1140,-34.0491,-9.5716,7.9248,-16.8880
271,19.113634,-1.9579,-3.7533,-27.8890,-5.0488,-44.1508,-34.6585,6.8158,-7.1727,-18.0278,-5.0923,2.4413,-27.8158,-3.0201,-46.6562,-32.2865,-9.7111,7.7890,-16.5768
272,19.185920,-1.8771,-3.7867,-28.2366,3.2192,-53.6553,-38.1162,5.9488,-7.2139,-18.2077,-5.1486,2.3616,-28.1576,6.2806,-55.7080,-36.1163,-8.9274,8.1658,-16.7524
273,19.248496,-0.3301,-3.6322,-26.8672,31.7792,-64.4212,-64.6026,7.2425,-7.1799,-18.1851,-5.0068,0.8157,-26.6853,37.7013,-65.6618,-64.5759,-10.1249,7.6756,-16.7278
274,19.313414,-0.1408,-3.7434,-27.6281,33.1570,-75.0316,-66.3294,6.4254,-7.1987,-17.9126,-5.1691,0.6319,-27.4279,42.4754,-76.1811,-68.8561,-9.3450,7.9283,-16.4610
275,19.377079,-0.2655,-3.7320,-27.4409,39.8194,-81.0075,-75.9797,6.1231,-7.1699,-18.1721,-5.1408,0.7559,-27.2501,56.0948,-81.9907,-84.9607,-9.0733,8.0570,-16.7237
276,19.445451,0.0440,-3.7130,-27.4558,42.3089,-83.6471,-78.0893,4.3936,-7.1898,-17.8136,-5.1402,0.4464,-27.2442,64.9815,-84.4130,-93.2709,-7.4318,8.6148,-16.3623
277,19.505108,0.0440,-3.7130,-27.4558,42.3089,-83.6471,-78.0893,4.3936,-7.1898,-17.8136,-5.1402,0.4464,-27.2442,64.9815,-84.4130,-93.2709,-7.4318,8.6148,-16.3623
278,19.587810,4.6762,-3.5688,-27.8047,-53.9337,-84.2745,30.4804,1.8222,-6.9929,-18.4648,-5.2917,-4.1763,-27.2732,-57.3652,-85.5898,41.6913,-5.0064,9.4586,-17.0007
279,19.680700,6.0455,-3.5054,-28.4667,-60.6538,-85.8519,35.3393,0.5074,-6.8123,-19.1952,-5.3510,-5.5460,-27.8393,-72.9111,-87.0551,55.4482,-3.7712,9.8900,-17.7188
280,19.746504,6.1094,-3.4640,-28.6319,-63.2551,-86.4690,37.7972,0.3389,-6.7465,-19.2250,-5.3225,-5.6129,-28.0049,-80.7534,-87.5880,63.1681,-3.5936,9.8939,-17.7529
281,19.808527,6.1757,-3.3761,-29.0009,-92.3553,-87.5454,66.7608,0.0633,-6.5874,-19.6321,-5.2587,-5.6862,-28.3799,-127.0449,-87.7705,109.4306,-3.3167,9.9195,-18.1722
282,19.878146,6.1975,-3.3155,-29.1308,-95.3216,-87.6224,69.6239,0.0773,-6.4961,-19.8637,-5.2066,-5.7125,-28.5165,-130.8707,-87.7473,113.1601,-3.3201,9.8736,-18.4163
283,19.935201,6.1266,-3.1548,-30.0258,-63.4305,-88.4563,36.6423,-0.0687,-6.1334,-20.9315,-5.0893,-5.6566,-29.4351,-135.5334,-89.0197,116.6396,-3.1583,9.7882,-19.5266
284,19.997392,6.0582,-3.1216,-30.3557,-48.5934,-88.7311,21.4950,-0.2352,-6.0260,-21.2897,-5.0694,-5.5923,-29.7724,-156.8237,-89.3502,137.5980,-2.9989,9.8135,-19.8929
285,20.061006,5.9820,-3.0414,-30.8372,-37.4469,-88.7002,9.6402,-0.4658,-5.8059,-21.9687,-5.0101,-5.5243,-30.2681,-168.3078,-89.5271,148.3569,-2.7722,9.8158,-20.5926
286,20.124004,5.9552,-3.0192,-31.5724,-20.2666,-88.6940,-8.5403,-0.4837,-5.7122,-22.5431,-5.0256,-5.5034,-31.0035,146.6144,-89.5707,-167.5862,-2.7788,9.8407,-21.1773
287,20.220760,5.7640,-3.1116,-31.9266,18.9410,-88.4133,-44.8869,-0.1212,-5.8257,-22.6907,-5.1248,-5.3091,-31.3551,87.4907,-88.7330,-105.6558,-3.1713,9.8459,-21.3199
288,20.284342,-0.5221,-3.2850,-30.7813,36.6266,-88.7800,-60.9971,6.1656,-6.1323,-21.0476,-4.8597,0.9704,-30.6228,104.0517,-88.4739,-120.6133,-9.0205,7.6218,-19.7373
289,20.359567,-0.1562,-3.3952,-30.6068,49.3342,-88.6352,-74.4376,6.1011,-6.2775,-20.5920,-4.9808,0.6136,-30.4199,106.5901,-88.1557,-123.8838,-8.9667,7.6943,-19.2630
290,20.429150,-0.3730,-3.5672,-27.3649,48.0445,-89.0105,-69.2408,5.6770,-7.0453,-17.0744,-4.9663,0.8532,-27.1880,107.1799,-88.3857,-120.5547,-8.5297,7.8896,-15.6580
291,20.499442,-0.4338,-3.7380,-24.3695,53.1063,-89.2457,-70.9455,5.6948,-7.7088,-14.1559,-4.9722,0.9278,-24.1920,107.1622,-88.4445,-117.1718,-8.5542,7.9335,-12.6666
292,20.553943,-0.2910,-3.8554,-22.8343,58.7615,-89.3656,-74.9528,5.3724,-8.0998,-12.3301,-5.0148,0.7911,-22.6437,107.9093,-88.4589,-116.2657,-8.2644,8.0507,-10.8008
293,20.642027,-0.5364,-4.2034,-16.7041,104.6971,-89.7242,-114.3659,4.7735,-9.4229,-5.9833,-5.0197,1.0289,-16.5205,108.1327,-88.5396,-109.9501,-7.8265,8.2170,-4.3346
294,20.731239,-0.6182,-4.6343,-9.2120,170.7157,-89.4579,-172.4597,4.0616,-10.9619,1.7517,-5.0505,1.0551,-9.0226,106.8873,-88.4241,-100.7667,-7.4842,8.3124,3.5012
295,20.813881,-0.5359,-5.1317,-0.3875,-160.4477,-88.8735,167.7044,2.8620,-12.6197,10.6942,-5.1051,0.8425,-0.1804,109.1317,-88.4594,-93.9852,-6.9702,8.4351,12.4916
296,20.886041,-1.1375,-5.4452,6.2163,-149.0585,-88.4167,162.9389,0.9677,-13.6619,17.7605,-5.0692,1.2966,6.3876,109.7040,-88.5457,-87.9163,-5.7945,8.6387,19.5308
297,20.997923,-1.1375,-5.4452,6.2163,-149.0585,-88.4167,162.9389,0.9677,-13.6619,17.7605,-5.0692,1.2966,6.3876,109.7040,-88.5457,-87.9163,-5.7945,8.6387,19.5308
298,21.071456,-1.4485,-6.0545,20.0872,-139.8634,-87.4842,167.4806,-1.6287,-15.4909,31.8520,-5.0710,1.1875,20.2436,112.0956,-88.5077,-76.5409,-4.9941,8.5469,33.4184
299,21.150894,-1.9875,-6.4494,30.4163,-133.6649,-86.8368,171.7753,-3.5704,-16.4178,42.4629,-5.0769,1.3240,30.5346,112.5561,-88.4722,-66.4912,-4.6729,8.2598,43.7464
300,21.236181,-2.5698,-6.6935,40.4730,-128.4367,-86.2699,176.4210,-5.6667,-16.9143,52.6940,-5.0175,1.4511,40.5447,112.9914,-88.4142,-57.0409,-4.3138,7.9177,53.6336
301,21.341798,-2.9512,-6.8097,46.8873,-124.6151,-85.8805,179.0235,-7.0034,-17.0343,59.2840,-4.9839,1.5178,46.9269,113.8049,-88.4251,-51.4218,-4.1592,7.6446,59.9779
302,21.405649,-3.7066,-6.9057,59.1975,-118.0798,-85.2171,-175.4373,-9.8255,-16.8145,71.8770,-4.8942,1.6311,59.1719,115.0649,-88.4050,-40.5977,-3.6872,7.1405,72.0970
303,21.481343,-3.9976,-6.8898,64.9945,-114.8979,-84.9260,-172.8999,-11.0870,-16.4962,77.8483,-4.8428,1.6094,64.9423,115.2879,-88.4029,-35.0991,-3.5428,6.8455,77.8523
304,21.531702,-4.2414,-6.8562,67.9123,-113.0172,-84.7466,-171.8418,-11.5971,-16.2969,80.7513,-4.7978,1.6935,67.8409,115.6963,-88.4433,-32.5664,-3.5680,6.6666,80.6527
305,21.580720,-4.3513,-6.8582,70.5746,-112.6585,-84.6709,-169.9067,-12.4817,-16.1113,83.5123,-4.8026,1.6603,70.4920,116.9704,-88.3591,-31.5478,-3.2250,6.6660,83.3309
306,21.645915,-4.5859,-6.8412,75.4543,-110.9388,-84.6690,-166.7788,-12.9970,-15.7360,88.2033,-4.8060,1.6331,75.3492,114.3920,-88.1340,-24.1338,-3.5614,6.3229,87.8598
307,21.722207,-4.6479,-6.7830,79.3209,-108.8743,-84.4041,-165.4828,-14.1672,-15.3542,91.9231,-4.7864,1.4881,79.2072,116.6892,-88.2301,-23.0647,-3.0898,6.2925,91.4890
308,21.771269,-5.0600,-6.7481,82.0620,-107.2891,-84.2246,-164.5940,-13.9248,-15.1235,94.1866,-4.7667,1.7545,81.9183,117.9179,-88.2986,-21.8163,-3.7025,5.9655,93.6699
309,21.819163,-4.8607,-6.7172,83.4309,-106.7899,-84.1695,-164.1854,-14.3426,-14.9904,95.2353,-4.7684,1.4838,83.2985,118.3349,-88.3110,-21.3250,-3.4789,5.9810,94.7004
310,21.856837,-4.8607,-6.7172,83.4309,-106.7899,-84.1695,-164.1854,-14.3426,-14.9904,95.2353,-4.7684,1.4838,83.2985,118.3349,-88.3110,-21.3250,-3.4789,5.9810,94.7004
311,21.914163,-5.1901,-6.6717,83.9721,-106.1265,-84.1300,-164.4869,-14.2513,-14.8828,95.5939,-4.7137,1.7819,83.8198,117.6697,-88.3607,-20.2971,-3.6007,5.8473,95.0525
312,21.961750,-5.0996,-6.6494,83.9825,-105.7161,-84.1430,-164.6891,-14.0185,-14.8408,95.6093,-4.6965,1.6900,83.8369,116.3715,-88.3632,-18.7920,-3.8075,5.7267,95.0648
313,22.025815,-5.0546,-6.6107,84.2633,-106.0071,-84.2317,-164.2755,-14.3822,-14.8142,95.7787,-4.6651,1.6286,84.1216,115.3605,-88.2672,-17.6630,-3.4913,5.8288,95.2409
314,22.089407,-5.1320,-6.6356,84.4034,-105.3960,-83.9694,-164.6887,-14.2347,-14.8054,95.9364,-4.6881,1.7000,84.2555,119.7266,-88.4952,-21.8187,-3.6593,5.7686,95.3885
315,22.155025,-5.1429,-6.6118,84.5843,-105.1421,-83.8628,-164.9670,-14.2989,-14.7536,96.1032,-4.6669,1.7003,84.4364,121.7799,-88.5934,-23.8911,-3.6150,5.7426,95.5558
316,22.218884,-5.1173,-6.6040,84.6509,-105.5433,-84.1357,-164.3771,-14.3318,-14.7018,96.2106,-4.6617,1.6710,84.5048,116.3589,-88.3472,-18.2953,-3.5879,5.7056,95.6653
317,22.289025,-5.1680,-6.6161,84.5938,-105.4803,-83.9899,-164.5925,-14.3381,-14.6974,96.2263,-4.6700,1.7251,84.4441,119.4702,-88.4732,-21.5514,-3.5835,5.7036,95.6810
318,22.346418,-5.1317,-6.6038,84.7054,-105.3744,-84.0489,-164.4641,-14.2579,-14.6603,96.3602,-4.6616,1.6826,84.5583,117.8771,-88.4197,-19.7276,-3.6733,5.6410,95.8110
319,22.410302,-5.2184,-6.6095,84.7576,-105.5014,-84.0377,-164.3337,-14.2780,-14.6647,96.3915,-4.6634,1.7666,84.6048,118.5083,-88.4195,-20.3546,-3.6624,5.6521,95.8411
320,22.473018,-5.1070,-6.6214,84.7433,-105.2814,-84.0290,-164.4343,-14.2234,-14.6423,96.4467,-4.6812,1.6570,84.5969,118.1537,-88.4330,-19.8807,-3.7174,5.6120,95.8948
321,22.536943,-5.1647,-6.6101,84.8102,-103.8236,-83.2658,-165.9886,-14.2728,-14.6249,96.5041,-4.6679,1.7105,84.6606,140.5067,-89.0608,-42.2928,-3.6766,5.6131,95.9532
322,22.584346,-3.4874,-6.5306,85.0329,-102.8928,-82.4249,-166.8397,-17.0173,-14.6338,96.5285,-4.6871,0.0235,84.9894,-162.0603,-89.2012,-99.6053,-1.1039,6.5798,96.0797
323,22.649725,-0.5715,-6.4742,84.8412,-95.3541,-83.6763,-174.4380,-19.2209,-14.6267,96.6173,-4.7992,-2.8753,84.9818,72.8995,-89.0587,25.3037,0.9573,7.3387,96.2803
324,22.710099,-0.3736,-6.4495,84.8920,-69.8356,-84.4204,158.7610,-19.0276,-14.6295,96.6807,-4.7875,-3.0766,85.0443,36.0748,-86.5552,60.7492,0.7608,7.2746,96.3291
325,22.790881,-1.1340,-6.4092,85.0217,-22.1682,-82.9878,112.0624,-18.8629,-14.5259,97.0567,-4.7036,-2.3279,85.1245,34.3839,-81.3187,63.1992,0.5642,7.1216,96.6904
326,22.862981,-2.7321,-6.4227,85.0429,-21.2400,-78.9974,113.8295,-15.9889,-14.3721,97.6267,-4.6232,-0.7358,85.0469,19.7416,-78.4567,80.5389,-2.2058,5.9798,97.1161
327,22.953161,-5.7320,-6.5230,85.1032,-13.8988,-73.3221,110.5683,-13.3409,-14.2170,98.0535,-4.5548,2.2562,84.9227,14.7297,-72.8471,89.5520,-4.7260,4.9110,97.4599
328,23.036984,-6.5556,-6.6088,84.8966,-9.1317,-52.1287,106.5942,-13.1982,-14.3245,98.1873,-4.5918,3.0921,84.6615,4.8992,-52.0329,99.9249,-4.9257,4.9619,97.5733
329,23.120992,-7.6267,-6.6685,85.4101,-3.4865,-27.3058,104.8308,-14.6125,-14.2004,97.8431,-4.6034,4.1365,85.1040,5.6048,-26.9809,102.6374,-3.4830,5.3396,97.2947
330,23.196539,-4.8681,-6.4491,86.2402,-4.2536,-17.1398,107.7380,-15.9728,-14.0251,98.4032,-4.5497,1.3337,86.1127,3.7868,-17.1067,106.5425,-2.2582,5.6551,97.8993
331,23.242583,-5.7060,-6.5535,86.1517,-3.8104,-13.5546,106.5906,-14.4193,-13.9272,98.5639,-4.6057,2.1789,85.9689,3.8178,-13.4468,105.6968,-3.7161,5.0220,98.0113
332,23.291268,-5.8695,-6.6124,85.7871,-4.2565,-12.6229,105.3632,-14.2097,-13.9868,98.4865,-4.6489,2.3635,85.5918,3.2218,-12.4923,104.5762,-3.9181,5.0036,97.9242
333,23.338504,-5.4494,-6.5385,86.5162,-6.5866,-8.6408,92.6201,-15.1254,-13.9033,98.9163,-4.6117,1.9041,86.3491,-0.1447,-8.1200,92.3500,-3.1170,5.2496,98.3747
334,23.385021,-5.2742,-6.5201,86.7643,-8.3826,-8.4394,90.1494,-13.6836,-14.1629,98.2283,-4.6079,1.7161,86.6082,-2.1051,-7.9610,89.9984,-4.4211,4.9817,97.6424
335,23.432619,-5.5173,-6.5204,86.9686,-9.1118,-5.8348,90.8366,-14.4088,-13.9677,98.9409,-4.5987,1.9480,86.7972,-3.0057,-5.4507,90.8524,-3.8180,5.0591,98.3685
336,23.481270,-5.5819,-6.5434,87.2414,-7.1434,-4.3237,90.2704,-14.4493,-13.9080,99.4193,-4.6234,2.0000,87.0643,-1.1905,-3.7709,90.2749,-3.8573,5.0223,98.8361
337,23.527549,-5.5040,-6.5445,87.3502,-6.8476,-5.7892,89.0289,-14.3028,-13.9378,99.3732,-4.6310,1.9170,87.1777,-0.8507,-5.1594,88.9566,-3.9960,4.9983,98.7843
338,23.575503,-4.7394,-6.5451,87.2821,-7.0780,-4.2250,88.6808,-15.7915,-13.8928,99.6175,-4.6729,1.1586,87.1568,-1.2265,-3.6065,88.6971,-2.6321,5.4797,99.0721
339,23.622400,-4.7394,-6.5451,87.2821,-7.0780,-4.2250,88.6808,-15.7915,-13.8928,99.6175,-4.6729,1.1586,87.1568,-1.2265,-3.6065,88.6971,-2.6321,5.4797,99.0721
340,23.685162,-2.6080,-6.5182,86.8930,-5.8684,-2.2875,90.0071,-18.0145,-13.9382,99.4719,-4.7603,-0.9472,86.9025,-0.0938,-1.6323,90.0527,-0.5270,6.2955,99.0225
341,23.728664,-1.7475,-6.4958,86.8310,-7.1337,-2.1393,90.8288,-18.5880,-13.9758,99.3479,-4.7875,-1.8026,86.8954,-1.3194,-1.6165,90.9340,0.0256,6.5285,98.9287
342,23.774766,-0.9160,-6.4553,86.8807,-7.9771,-1.6603,92.2446,-19.0914,-13.9395,99.4611,-4.7977,-2.6359,86.9974,-2.1161,-1.2624,92.4053,0.4895,6.6706,99.0686
343,23.822254,-0.4299,-6.4029,86.8562,-7.8689,-2.1137,93.2036,-19.6743,-13.9761,99.3505,-4.7744,-3.1221,87.0023,-1.9196,-1.7457,93.3338,1.0491,6.9055,98.9919
344,23.885972,0.4812,-6.3583,86.9073,-7.9222,-2.4221,92.3655,-20.4210,-13.9529,99.4803,-4.7867,-4.0352,87.1097,-1.9962,-2.0219,92.4868,1.7351,7.1437,99.1642
345,23.965873,0.6116,-6.2694,87.3893,-8.1824,-3.6950,92.9247,-20.6044,-13.9071,99.6964,-4.7155,-4.1946,87.5950,-2.1256,-3.3331,92.9921,1.8797,7.1669,99.3877
346,24.034206,0.3977,-6.2681,87.6311,-8.1527,-3.8048,93.0164,-20.7807,-13.8457,100.0312,-4.7058,-3.9935,87.8234,-2.0823,-3.4440,93.0763,1.9986,7.1749,99.7260
347,24.093149,0.3983,-6.2716,87.7182,-8.2065,-3.8086,92.9927,-20.8149,-13.8813,100.0412,-4.7111,-3.9982,87.9107,-2.1369,-3.4510,93.0551,2.0165,7.2201,99.7332
348,24.155502,0.3954,-6.2716,87.8963,-8.1844,-3.8096,93.0341,-20.9276,-13.8493,100.2359,-4.7146,-4.0042,88.0886,-2.1125,-3.4520,93.0953,2.0938,7.2319,99.9302
349,24.224276,0.4070,-6.2688,88.2604,-7.9519,-3.7540,93.3246,-21.0431,-13.8133,100.5966,-4.7201,-4.0340,88.4532,-1.8683,-3.3908,93.3760,2.1410,7.2435,100.2861
350,24.271454,0.3994,-6.2428,88.5733,-7.7662,-3.7819,93.4872,-21.0122,-13.7810,100.9290,-4.7002,-4.0434,88.7644,-1.6715,-3.4110,93.5279,2.0547,7.2081,100.6051
351,24.317725,0.3712,-6.2467,88.8737,-7.8455,-3.8470,93.3400,-21.2047,-13.7387,101.2692,-4.7087,-4.0299,89.0632,-1.7540,-3.4757,93.3818,2.1812,7.2411,100.9474
352,24.366497,0.3522,-6.2523,89.1624,-7.8599,-3.9029,93.4516,-21.2233,-13.7175,101.5372,-4.7193,-4.0250,89.3509,-1.7577,-3.5374,93.4904,2.1510,7.2326,101.2068
353,24.411572,0.2733,-6.2428,89.4049,-7.8672,-3.8006,94.1467,-21.1627,-13.6718,101.7944,-4.7103,-3.9589,89.5881,-1.7343,-3.4657,94.1872,2.0566,7.1741,101.4542
354,24.465001,0.2733,-6.2428,89.4049,-7.8672,-3.8006,94.1467,-21.1627,-13.6718,101.7944,-4.7103,-3.9589,89.5881,-1.7343,-3.4657,94.1872,2.0566,7.1741,101.4542
355,24.508543,-0.1327,-6.2569,89.5725,-6.8551,-3.5596,95.1074,-20.8830,-13.6443,101.9882,-4.7032,-3.5617,89.7309,-0.6898,-3.1882,95.1093,1.7623,7.0557,101.6246
356,24.571572,-1.4226,-6.3086,89.9004,-6.7568,-3.6212,94.5947,-18.8535,-13.5682,102.2181,-4.6839,-2.2894,89.9797,-0.6148,-3.2195,94.5919,-0.1719,6.2861,101.7376
357,24.619051,-1.4226,-6.3086,89.9004,-6.7568,-3.6212,94.5947,-18.8535,-13.5682,102.2181,-4.6839,-2.2894,89.9797,-0.6148,-3.2195,94.5919,-0.1719,6.2861,101.7376
358,24.666682,-2.5223,-6.3310,89.9450,-5.9736,-3.9388,93.1536,-17.7983,-13.5423,102.2873,-4.6421,-1.1945,89.9566,0.1122,-3.4124,93.1082,-1.1704,5.8963,101.7561
359,24.729924,-3.9637,-6.3490,90.1447,-6.1088,-3.6453,93.9384,-15.5858,-13.5431,102.2456,-4.5811,0.2331,90.0679,-0.0022,-3.1641,93.9094,-3.2419,5.1238,101.6295
360,24.795805,-5.0472,-6.3273,90.2899,-6.8057,-3.3425,95.6411,-15.3379,-13.4440,102.5157,-4.5014,1.3046,90.1489,-0.6285,-2.9917,95.6493,-3.4950,4.9507,101.8934
361,24.862580,-5.3980,-6.3332,90.3805,-6.9316,-3.2939,96.0701,-14.9632,-13.4727,102.4993,-4.4897,1.6501,90.2184,-0.7348,-2.9724,96.0842,-3.8536,4.8458,101.8629
362,24.925771,-5.2114,-6.3237,90.4493,-6.9942,-3.2915,96.1295,-15.1206,-13.4402,102.6654,-4.4921,1.4602,90.2984,-0.7942,-2.9777,96.1462,-3.7284,4.8741,102.0312
363,25.005682,-5.2884,-6.3212,90.5806,-7.0220,-3.2873,96.2444,-14.9607,-13.4359,102.7623,-4.4882,1.5304,90.4251,-0.8161,-2.9808,96.2620,-3.8969,4.8164,102.1203
364,25.102357,-5.2754,-6.3131,90.7519,-7.0069,-3.2795,96.4262,-15.1220,-13.4085,102.9863,-4.4848,1.5087,90.5972,-0.7920,-2.9800,96.4426,-3.7816,4.8525,102.3438
365,25.181338,-5.3766,-6.3170,90.8746,-7.1229,-3.2889,96.5273,-15.1425,-13.4158,103.0886,-4.4859,1.6038,90.7135,-0.9016,-3.0030,96.5478,-3.7859,4.8689,102.4417
366,25.245649,-5.2782,-6.3306,90.7785,-7.1235,-3.2288,96.7443,-14.9205,-13.3949,103.1062,-4.5027,1.5112,90.6227,-0.8953,-2.9532,96.7670,-3.9905,4.7720,102.4549
367,25.304001,-5.2520,-6.3323,90.7673,-7.0657,-3.2676,96.5421,-15.1994,-13.4013,103.1601,-4.5056,1.4857,90.6131,-0.8453,-2.9781,96.5612,-3.7420,4.8768,102.5141
368,25.386365,-5.4039,-6.3009,90.9155,-7.1099,-3.2361,96.7180,-15.0793,-13.3793,103.2224,-4.4692,1.6281,90.7534,-0.8826,-2.9581,96.7397,-3.8597,4.8158,102.5731
369,25.446066,-5.3547,-6.3286,90.8177,-7.1423,-3.2670,96.5977,-15.2686,-13.4027,103.2423,-4.4974,1.5853,90.6573,-0.9190,-2.9859,96.6198,-3.6944,4.9044,102.5947
370,25.511534,-5.3538,-6.2971,90.9875,-7.1389,-3.2549,96.7221,-15.1177,-13.4045,103.2774,-4.4699,1.5745,90.8284,-0.9098,-2.9793,96.7441,-3.8438,4.8542,102.6239
